file_names,max-path-sum_0.log,max-path-sum_1.log,max-path-sum_2.log,max-path-sum_3.log,max-path-sum_4.log,max-path-sum_5.log,max-path-sum_6.log,max-path-sum_7.log,max-path-sum_8.log,max-path-sum_9.log,,average,
cycles,17321,17228,17250,17257,17254,17238,17245,17259,17319,17224,,17259.5,1.506117142
instret,11463,11459,11460,11462,11461,11460,11453,11458,11457,11463,,11459.6,
loads,2660,2660,2660,2660,2660,2660,2660,2660,2660,2660,,2660,
stores,778,778,778,778,778,778,778,778,778,778,,778,
I$_miss,21,21,21,21,21,21,21,21,21,21,,21,
D$_reg_miss,5,5,5,5,5,5,5,5,5,5,,5,0.145433392
D$_prefetch_miss,0,0,0,0,0,0,0,0,0,0,,0,
D$_release,180,178,178,178,179,179,178,178,178,178,,178.4,
ITLB_miss,0,0,0,0,0,0,0,0,0,0,,0,
DTLB_miss,0,0,0,0,0,0,0,0,0,0,,0,
L2_TLB_miss,0,0,0,0,0,0,0,0,0,0,,0,
branches,490,490,490,490,490,490,490,490,490,490,,490,
mispredicts,166,167,169,166,173,166,179,175,176,158,,169.5,
load_use_interlock,2635,2634,2628,2627,2630,2623,2631,2635,2644,2628,,2631.5,
I$_blocked,748,740,742,742,742,746,746,746,744,744,,744,
D$_blocked,271,244,237,236,228,245,229,236,246,244,,241.6,241.6
