file_names,max-path-sum_0.log,max-path-sum_1.log,max-path-sum_2.log,max-path-sum_3.log,max-path-sum_4.log,max-path-sum_5.log,max-path-sum_6.log,max-path-sum_7.log,max-path-sum_8.log,max-path-sum_9.log,,average,
cycles,104051,103757,103997,103768,103965,104036,104095,103848,104124,104061,,103970.2,1.506757716
instret,69009,69005,68997,69019,69010,68991,68996,69004,69006,68989,,69002.6,
loads,17450,17450,17450,17450,17450,17450,17450,17450,17450,17450,,17450,
stores,4873,4873,4873,4873,4873,4873,4873,4873,4873,4873,,4873,
I$_miss,20,20,20,20,20,20,20,20,20,20,,20,
D$_reg_miss,6,6,6,6,6,6,6,6,6,6,,6,0.026878108
D$_prefetch_miss,0,0,0,0,0,0,0,0,0,0,,0,
D$_release,975,974,975,973,975,975,976,975,977,977,,975.2,
ITLB_miss,0,0,0,0,0,0,0,0,0,0,,0,
DTLB_miss,0,0,0,0,0,0,0,0,0,0,,0,
L2_TLB_miss,0,0,0,0,0,0,0,0,0,0,,0,
branches,3100,3100,3100,3100,3100,3100,3100,3100,3100,3100,,3100,
mispredicts,814,743,801,722,776,796,769,764,809,828,,782.2,
load_use_interlock,13486,13464,13483,13458,13467,13496,13471,13441,13495,13506,,13476.7,
I$_blocked,760,768,742,764,756,774,786,756,768,752,,762.6,
D$_blocked,787,781,811,758,779,782,812,812,816,761,,789.9,789.9
