file_names,max-path-sum_0.log,max-path-sum_1.log,max-path-sum_2.log,max-path-sum_3.log,max-path-sum_4.log,max-path-sum_5.log,max-path-sum_6.log,max-path-sum_7.log,max-path-sum_8.log,max-path-sum_9.log,,average,
cycles,413039,413265,413163,413001,413539,413091,412715,413154,413204,413311,,413148.2,1.466140749
instret,281762,281776,281783,281812,281798,281785,281820,281800,281808,281786,,281793,
loads,71100,71100,71100,71100,71100,71100,71100,71100,71100,71100,,71100,
stores,19698,19698,19698,19698,19698,19698,19698,19698,19698,19698,,19698,
I$_miss,19,19,19,19,19,19,19,19,19,19,,19,
D$_reg_miss,60,60,60,60,60,60,60,60,60,60,,60,0.066080751
D$_prefetch_miss,0,0,0,0,0,0,0,0,0,0,,0,
D$_release,3841,3845,3843,3840,3846,3842,3837,3842,3841,3844,,3842.1,
ITLB_miss,0,0,0,0,0,0,0,0,0,0,,0,
DTLB_miss,0,0,0,0,0,0,0,0,0,0,,0,
L2_TLB_miss,0,0,0,0,0,0,0,0,0,0,,0,
branches,12450,12450,12450,12450,12450,12450,12450,12450,12450,12450,,12450,
mispredicts,2820,2820,2857,2780,2858,2819,2750,2782,2812,2804,,2810.2,
load_use_interlock,53270,53273,53247,53208,53207,53213,53160,53206,53179,53219,,53218.2,
I$_blocked,666,712,668,664,666,728,666,664,704,748,,688.6,
D$_blocked,4167,4211,4189,4177,4422,4304,4117,4169,4296,4191,,4224.3,4224.3
