file_names,max-path-sum_0.log,max-path-sum_1.log,max-path-sum_2.log,max-path-sum_3.log,max-path-sum_4.log,max-path-sum_5.log,max-path-sum_6.log,max-path-sum_7.log,max-path-sum_8.log,max-path-sum_9.log,,average,
cycles,386408,385836,386837,385728,385385,385660,383691,386051,383576,385560,,385473.2,1.36793036
instret,281762,281776,281783,281812,281798,281785,281820,281800,281808,281786,,281793,
loads,71100,71100,71100,71100,71100,71100,71100,71100,71100,71100,,71100,
stores,19698,19698,19698,19698,19698,19698,19698,19698,19698,19698,,19698,
I$_miss,19,19,19,19,19,19,19,19,19,19,,19,
D$_reg_miss,52,48,63,45,47,47,48,52,49,45,,49.6,0.054626754
D$_prefetch_miss,0,0,0,0,0,0,0,0,0,0,,0,
D$_release,3507,3497,3514,3492,3489,3492,3478,3504,3479,3488,,3494,
ITLB_miss,0,0,0,0,0,0,0,0,0,0,,0,
DTLB_miss,0,0,0,0,0,0,0,0,0,0,,0,
L2_TLB_miss,0,0,0,0,0,0,0,0,0,0,,0,
branches,12450,12450,12450,12450,12450,12450,12450,12450,12450,12450,,12450,
mispredicts,2865,2809,2819,2837,2793,2827,2844,2807,2786,2918,,2830.5,
load_use_interlock,43752,43731,43770,43791,43749,43778,43623,43760,43559,43747,,43726,
I$_blocked,746,832,748,770,762,750,746,748,750,748,,760,
D$_blocked,3169,3042,3329,3077,3037,3182,2589,3170,2639,2908,,3014.2,3014.2
