file_names,max-path-sum_0.log,max-path-sum_1.log,max-path-sum_2.log,max-path-sum_3.log,max-path-sum_4.log,max-path-sum_5.log,max-path-sum_6.log,max-path-sum_7.log,max-path-sum_8.log,max-path-sum_9.log,,average,
cycles,95251,95121,95196,95199,95217,95220,94995,95089,95365,95157,,95181,1.379382806
instret,69009,69005,68997,69019,69010,68991,68996,69004,69006,68989,,69002.6,
loads,17450,17450,17450,17450,17450,17450,17450,17450,17450,17450,,17450,
stores,4873,4873,4873,4873,4873,4873,4873,4873,4873,4873,,4873,
I$_miss,20,20,20,20,20,20,20,20,20,20,,20,
D$_reg_miss,5,4,4,4,4,4,3,4,4,5,,4.1,0.018366707
D$_prefetch_miss,0,0,0,0,0,0,0,0,0,0,,0,
D$_release,873,872,873,873,872,873,871,871,874,873,,872.5,
ITLB_miss,0,0,0,0,0,0,0,0,0,0,,0,
DTLB_miss,0,0,0,0,0,0,0,0,0,0,,0,
L2_TLB_miss,0,0,0,0,0,0,0,0,0,0,,0,
branches,3100,3100,3100,3100,3100,3100,3100,3100,3100,3100,,3100,
mispredicts,795,765,795,786,785,801,767,767,800,788,,784.9,
load_use_interlock,10840,10859,10849,10890,10881,10841,10829,10848,10861,10830,,10852.8,
I$_blocked,836,814,844,856,792,852,868,880,786,810,,833.8,
D$_blocked,715,684,690,675,710,765,730,675,818,735,,719.7,719.7
