file_names,max-path-sum_0.log,max-path-sum_1.log,max-path-sum_2.log,max-path-sum_3.log,max-path-sum_4.log,max-path-sum_5.log,max-path-sum_6.log,max-path-sum_7.log,max-path-sum_8.log,max-path-sum_9.log,,average,
cycles,1582257,1581519,1580651,1582380,1582530,1583283,1591865,1591818,1582782,1588416,,1584750.1,1.39098688
instret,1139315,1139368,1139226,1139284,1139294,1139369,1139328,1139265,1139269,1139273,,1139299.1,
loads,287150,287150,287150,287150,287150,287150,287150,287150,287150,287150,,287150,
stores,79348,79348,79348,79348,79348,79348,79348,79348,79348,79348,,79348,
I$_miss,20,20,20,20,20,20,20,20,20,20,,20,
D$_reg_miss,572,586,580,578,578,580,591,586,578,587,,581.6,0.15869118
D$_prefetch_miss,0,0,0,0,0,0,0,0,0,0,,0,
D$_release,14759,14767,14748,14769,14773,14777,14857,14865,14770,14831,,14791.6,
ITLB_miss,0,0,0,0,0,0,0,0,0,0,,0,
DTLB_miss,0,0,0,0,0,0,0,0,0,0,,0,
L2_TLB_miss,0,0,0,0,0,0,0,0,0,0,,0,
branches,49900,49900,49900,49900,49900,49900,49900,49900,49900,49900,,49900,
mispredicts,10807,10856,10940,10814,10762,10819,10794,10892,10821,10790,,10829.5,
load_use_interlock,176026,175824,175946,176023,176046,176149,176703,176575,176058,176438,,176178.8,
I$_blocked,862,820,838,902,862,840,794,864,888,890,,856,
D$_blocked,14583,14811,14672,14791,14894,14837,16694,16842,15086,16461,,15367.1,15367.1
